<?xml version="1.0" encoding="UTF-8"?>
<ti:module xmlns:ti="http://ti.appcelerator.org" xmlns:android="http://schemas.android.com/apk/res/android">
	<!--
		Similar to tiapp.xml, but contains module/platform specific
		configuration in <iphone>, <android>, and <mobileweb> sections
	-->
	<iphone>
	</iphone>
	<android xmlns:android="http://schemas.android.com/apk/res/android">
        <manifest>
        <application>
        	<receiver android:exported="true" android:name="com.google.ads.conversiontracking.InstallReceiver">
                    <intent-filter>
                        <action android:name="com.android.vending.INSTALL_REFERRER"/>
                    </intent-filter>
             </receiver>
        </application>
         <uses-permission android:name="android.permission.INTERNET" />
        <uses-permission android:name="android.permission.ACCESS_NETWORK_STATE" />
        </manifest>
	</android>
	<mobileweb>
	</mobileweb>
</ti:module>
